# variation_id	chrom	pos	ref	alt	hgvs	clinical_significance
supp_117482054_A_T	7	117482054	A	T	NC_000007.14:g.117482054A>T	Pathogenic
supp_117482236_A_G	7	117482236	A	G	NC_000007.14:g.117482236A>G	Pathogenic
supp_117485349_GA_G	7	117485349	GA	G	NC_000007.14:g.117485349GA>G	Pathogenic
supp_117493131_C_A	7	117493131	C	A	NC_000007.14:g.117493131C>A	Pathogenic
supp_117503667_A_T	7	117503667	A	T	NC_000007.14:g.117503667A>T	Pathogenic
supp_117504400_T_G	7	117504400	T	G	NC_000007.14:g.117504400T>G	Pathogenic
supp_117506547_T_C	7	117506547	T	C	NC_000007.14:g.117506547T>C	Pathogenic
supp_117506949_C_T	7	117506949	C	T	NC_000007.14:g.117506949C>T	Pathogenic
supp_117507641_T_C	7	117507641	T	C	NC_000007.14:g.117507641T>C	Pathogenic
supp_117513653_T_G	7	117513653	T	G	NC_000007.14:g.117513653T>G	Pathogenic
supp_117514266_A_G	7	117514266	A	G	NC_000007.14:g.117514266A>G	Pathogenic
supp_117515560_T_A	7	117515560	T	A	NC_000007.14:g.117515560T>A	Pathogenic
supp_117518933_C_T	7	117518933	C	T	NC_000007.14:g.117518933C>T	Pathogenic
supp_117527342_T_G	7	117527342	T	G	NC_000007.14:g.117527342T>G	Pathogenic
supp_117530649_A_G	7	117530649	A	G	NC_000007.14:g.117530649A>G	Pathogenic
supp_117536990_A_T	7	117536990	A	T	NC_000007.14:g.117536990A>T	Pathogenic
supp_117537177_A_AG	7	117537177	A	AG	NC_000007.14:g.117537177A>AG	Pathogenic
supp_117546077_T_A	7	117546077	T	A	NC_000007.14:g.117546077T>A	Pathogenic
supp_117549380_A_G	7	117549380	A	G	NC_000007.14:g.117549380A>G	Pathogenic
supp_117564340_T_A	7	117564340	T	A	NC_000007.14:g.117564340T>A	Pathogenic
supp_117576037_T_A	7	117576037	T	A	NC_000007.14:g.117576037T>A	Pathogenic
supp_117577675_A_T	7	117577675	A	T	NC_000007.14:g.117577675A>T	Pathogenic
supp_117580313_A_AT	7	117580313	A	AT	NC_000007.14:g.117580313A>AT	Pathogenic
supp_117580994_A_C	7	117580994	A	C	NC_000007.14:g.117580994A>C	Pathogenic
supp_117593910_G_A	7	117593910	G	A	NC_000007.14:g.117593910G>A	Pathogenic
supp_117621704_A_C	7	117621704	A	C	NC_000007.14:g.117621704A>C	Pathogenic
supp_117629165_C_T	7	117629165	C	T	NC_000007.14:g.117629165C>T	Pathogenic
supp_117633740_T_TC	7	117633740	T	TC	NC_000007.14:g.117633740T>TC	Pathogenic
supp_117637525_C_A	7	117637525	C	A	NC_000007.14:g.117637525C>A	Pathogenic
supp_117638403_GC_G	7	117638403	GC	G	NC_000007.14:g.117638403GC>G	Pathogenic
supp_117643821_T_G	7	117643821	T	G	NC_000007.14:g.117643821T>G	Pathogenic
supp_117650116_A_T	7	117650116	A	T	NC_000007.14:g.117650116A>T	Pathogenic
supp_117652038_A_C	7	117652038	A	C	NC_000007.14:g.117652038A>C	Pathogenic
supp_117658905_T_G	7	117658905	T	G	NC_000007.14:g.117658905T>G	Pathogenic
supp_117661342_A_T	7	117661342	A	T	NC_000007.14:g.117661342A>T	Pathogenic
